"","sitecode","forest","natural","urban","agricultural"
"1","AT",0.0414746543778802,0.0414746543778802,0.0737327188940092,0.80184331797235
"2","HC",0.977272727272727,1,0,0
"3","P4",0.431924882629108,0.483568075117371,0.0751173708920188,0.408450704225352
